,loss,accuracy,precision,recall,layers,nodes,f1 micro,f1 macro,f1 weighted
model 1,2.2548513412475586,0.23295454680919647,0.625,0.014204545877873898,1,12,0.23295454545454544,0.1699899053352375,0.20066957123860105
model 2,2.322995662689209,0.23863635957241058,0.5,0.07386363297700882,1,128,0.23863636363636365,0.19551209786173598,0.2281782904462841
model 3,2.2068426609039307,0.25,0.6052631735801697,0.07386363297700882,2,"(128, 64)",0.25,0.19110304657302432,0.22456546138515254
