,loss,accuracy,precision,recall,layers,nodes,f1 micro,f1 macro,f1 weighted
model 1,2.300652265548706,0.17897726595401764,1.0,0.0028409091755747795,1,12,0.17897727272727276,0.08485591878086315,0.1223336550163827
model 2,2.3531835079193115,0.23011364042758942,0.460317462682724,0.08238636702299118,1,128,0.23011363636363638,0.1696062634654711,0.19368619799531614
model 3,2.283754587173462,0.24147726595401764,0.6499999761581421,0.08238636702299118,2,"(128, 64)",0.24147727272727273,0.17158606758475406,0.20259129560929265
