,loss,accuracy,precision,recall,layers,nodes,F1 micro,F1 macro,F1 weighted
model 1,0.06164001300930977,0.9814189076423645,0.9828178882598877,0.9794520735740662,1,128,0.981418918918919,0.9814146234263648,0.9814184416419683
model 2,0.07696224004030228,0.9755067825317383,0.9601989984512329,0.9914383292198181,2,"(128, 64)",0.9755067567567568,0.9755065995076495,0.9755057608457445
